dataset,seed,task,n_train,n_features,arm,seconds,oof_score,weights,primary_metric,test_primary,test_metrics
adult,0,binary,16000,14,xgb_fixed,0.255342960357666,,,logloss,0.2786356064226943,"{""logloss"": 0.27863560642269436, ""auc"": 0.9274651305063473, ""accuracy"": 0.87425}"
adult,0,binary,16000,14,lgbm,,0.2833963439878991,,logloss,0.2792136590567697,"{""logloss"": 0.2792136590567697, ""auc"": 0.9272799658435467, ""accuracy"": 0.87125}"
adult,0,binary,16000,14,xgb,,0.2809852071806939,,logloss,0.2780732007646095,"{""logloss"": 0.2780732007646095, ""auc"": 0.9279306476698608, ""accuracy"": 0.87175}"
adult,0,binary,16000,14,catboost,,0.2828026507030737,,logloss,0.2794905428938868,"{""logloss"": 0.27949054289388686, ""auc"": 0.9271441321040439, ""accuracy"": 0.87325}"
adult,0,binary,16000,14,mean,,,,logloss,0.2781188062135241,"{""logloss"": 0.27811880621352414, ""auc"": 0.9279532287262998, ""accuracy"": 0.873}"
adult,0,binary,16000,14,ensemble,13.043848276138306,0.2805300501017432,"{""xgb"": 0.6666666666666666, ""catboost"": 0.3333333333333333}",logloss,0.2779505544718435,"{""logloss"": 0.2779505544718435, ""auc"": 0.9280706502197832, ""accuracy"": 0.87375}"
adult,1,binary,16000,14,xgb_fixed,0.357464075088501,,,logloss,0.2986312973802435,"{""logloss"": 0.2986312973802435, ""auc"": 0.9151341366862613, ""accuracy"": 0.86725}"
adult,1,binary,16000,14,lgbm,,0.2772431485368,,logloss,0.2994676866586848,"{""logloss"": 0.2994676866586848, ""auc"": 0.9148082746718018, ""accuracy"": 0.86575}"
adult,1,binary,16000,14,xgb,,0.2759152078230679,,logloss,0.2961362816034558,"{""logloss"": 0.2961362816034558, ""auc"": 0.916250335676089, ""accuracy"": 0.869}"
adult,1,binary,16000,14,catboost,,0.2781098858238364,,logloss,0.2982251276494065,"{""logloss"": 0.29822512764940656, ""auc"": 0.9143913936298492, ""accuracy"": 0.8655}"
adult,1,binary,16000,14,mean,,,,logloss,0.2968447568577438,"{""logloss"": 0.2968447568577438, ""auc"": 0.9156041700610626, ""accuracy"": 0.86825}"
adult,1,binary,16000,14,ensemble,14.189968347549438,0.2754915959367662,"{""lgbm"": 0.2, ""xgb"": 0.6, ""catboost"": 0.2}",logloss,0.2964280954540964,"{""logloss"": 0.2964280954540964, ""auc"": 0.9158945971869563, ""accuracy"": 0.869}"
adult,2,binary,16000,14,xgb_fixed,0.3160936832427978,,,logloss,0.2872768384292843,"{""logloss"": 0.28727683842928436, ""auc"": 0.9231262673617927, ""accuracy"": 0.8685}"
adult,2,binary,16000,14,lgbm,,0.2828433860888942,,logloss,0.2859789545989362,"{""logloss"": 0.2859789545989362, ""auc"": 0.923718238441365, ""accuracy"": 0.8715}"
adult,2,binary,16000,14,xgb,,0.2806242989200039,,logloss,0.2837089739612871,"{""logloss"": 0.2837089739612871, ""auc"": 0.9250506944717058, ""accuracy"": 0.8735}"
adult,2,binary,16000,14,catboost,,0.2829536014244782,,logloss,0.2873757474842414,"{""logloss"": 0.2873757474842414, ""auc"": 0.9226579709913327, ""accuracy"": 0.874}"
adult,2,binary,16000,14,mean,,,,logloss,0.2847679096710733,"{""logloss"": 0.28476790967107335, ""auc"": 0.9243416492995182, ""accuracy"": 0.87325}"
adult,2,binary,16000,14,ensemble,11.420300006866457,0.2806242989200039,"{""xgb"": 1.0}",logloss,0.2837089739612871,"{""logloss"": 0.2837089739612871, ""auc"": 0.9250506944717058, ""accuracy"": 0.8735}"
churn,0,binary,4000,20,xgb_fixed,0.1457076072692871,,,logloss,0.1467076148258783,"{""logloss"": 0.14670761482587832, ""auc"": 0.9278065373723363, ""accuracy"": 0.956}"
churn,0,binary,4000,20,lgbm,,0.157701022459304,,logloss,0.1502209879181126,"{""logloss"": 0.1502209879181126, ""auc"": 0.9305724122557154, ""accuracy"": 0.956}"
churn,0,binary,4000,20,xgb,,0.1537936232760348,,logloss,0.1470423794789877,"{""logloss"": 0.14704237947898774, ""auc"": 0.9261800378140506, ""accuracy"": 0.96}"
churn,0,binary,4000,20,catboost,,0.1477523381909696,,logloss,0.1414032447365115,"{""logloss"": 0.1414032447365115, ""auc"": 0.9300027245931688, ""accuracy"": 0.965}"
churn,0,binary,4000,20,mean,,,,logloss,0.1452356356293528,"{""logloss"": 0.14523563562935288, ""auc"": 0.9283101742913993, ""accuracy"": 0.96}"
churn,0,binary,4000,20,ensemble,7.772826910018921,0.1477523381909696,"{""catboost"": 1.0}",logloss,0.1414032447365115,"{""logloss"": 0.1414032447365115, ""auc"": 0.9300027245931688, ""accuracy"": 0.965}"
churn,1,binary,4000,20,xgb_fixed,0.200498342514038,,,logloss,0.1564052019663681,"{""logloss"": 0.15640520196636815, ""auc"": 0.9195089127221988, ""accuracy"": 0.957}"
churn,1,binary,4000,20,lgbm,,0.1537446023519288,,logloss,0.1592865386181733,"{""logloss"": 0.1592865386181733, ""auc"": 0.9222747876055779, ""accuracy"": 0.956}"
churn,1,binary,4000,20,xgb,,0.1494925351785676,,logloss,0.1546071679904128,"{""logloss"": 0.15460716799041282, ""auc"": 0.9224729398360291, ""accuracy"": 0.956}"
churn,1,binary,4000,20,catboost,,0.1458108693026771,,logloss,0.1512712330626454,"{""logloss"": 0.15127123306264548, ""auc"": 0.9229022696686728, ""accuracy"": 0.96}"
churn,1,binary,4000,20,mean,,,,logloss,0.1538906199113264,"{""logloss"": 0.1538906199113264, ""auc"": 0.9221261734327396, ""accuracy"": 0.956}"
churn,1,binary,4000,20,ensemble,7.72201943397522,0.1448022857813117,"{""xgb"": 0.25, ""catboost"": 0.75}",logloss,0.151229246690971,"{""logloss"": 0.15122924669097104, ""auc"": 0.922811449896383, ""accuracy"": 0.96}"
churn,2,binary,4000,20,xgb_fixed,0.2727992534637451,,,logloss,0.1533550926446053,"{""logloss"": 0.1533550926446053, ""auc"": 0.9239673379073473, ""accuracy"": 0.959}"
churn,2,binary,4000,20,lgbm,,0.1590534733556012,,logloss,0.1553051199378123,"{""logloss"": 0.15530511993781235, ""auc"": 0.9206317753614215, ""accuracy"": 0.957}"
churn,2,binary,4000,20,xgb,,0.1558166544918186,,logloss,0.1534794302698384,"{""logloss"": 0.15347943026983843, ""auc"": 0.918113590766106, ""accuracy"": 0.96}"
churn,2,binary,4000,20,catboost,,0.1514369103557045,,logloss,0.140757974456144,"{""logloss"": 0.140757974456144, ""auc"": 0.9304320544258127, ""accuracy"": 0.962}"
churn,2,binary,4000,20,mean,,,,logloss,0.1482710071897048,"{""logloss"": 0.14827100718970485, ""auc"": 0.9223903764066743, ""accuracy"": 0.96}"
churn,2,binary,4000,20,ensemble,7.670843601226807,0.1508072368124917,"{""xgb"": 0.25, ""catboost"": 0.75}",logloss,0.1428519693035378,"{""logloss"": 0.14285196930353788, ""auc"": 0.9264277281021144, ""accuracy"": 0.963}"
phoneme,0,binary,4323,5,xgb_fixed,0.2832076549530029,,,logloss,0.2443518518361449,"{""logloss"": 0.24435185183614494, ""auc"": 0.9559268006672503, ""accuracy"": 0.8954671600370028}"
phoneme,0,binary,4323,5,lgbm,,0.2617953814241069,,logloss,0.2365522183531224,"{""logloss"": 0.23655221835312243, ""auc"": 0.9584826663583662, ""accuracy"": 0.8963922294172063}"
phoneme,0,binary,4323,5,xgb,,0.2654872012129979,,logloss,0.243091551686902,"{""logloss"": 0.24309155168690208, ""auc"": 0.9559061555485822, ""accuracy"": 0.8954671600370028}"
phoneme,0,binary,4323,5,catboost,,0.2535706344464546,,logloss,0.2286045775588001,"{""logloss"": 0.22860457755880018, ""auc"": 0.9611293705716221, ""accuracy"": 0.906567992599445}"
phoneme,0,binary,4323,5,mean,,,,logloss,0.2329761038290147,"{""logloss"": 0.23297610382901476, ""auc"": 0.9598287280955291, ""accuracy"": 0.9000925069380203}"
phoneme,0,binary,4323,5,ensemble,10.59775185585022,0.2511704458498575,"{""lgbm"": 0.3333333333333333, ""catboost"": 0.6666666666666666}",logloss,0.2286324745075322,"{""logloss"": 0.22863247450753227, ""auc"": 0.9613605959007052, ""accuracy"": 0.906567992599445}"
phoneme,1,binary,4323,5,xgb_fixed,0.2669277191162109,,,logloss,0.2624939444893223,"{""logloss"": 0.2624939444893223, ""auc"": 0.9493946851206502, ""accuracy"": 0.8982423681776133}"
phoneme,1,binary,4323,5,lgbm,,0.2567757187344021,,logloss,0.2531358161234067,"{""logloss"": 0.25313581612340674, ""auc"": 0.9518762283845608, ""accuracy"": 0.9000925069380203}"
phoneme,1,binary,4323,5,xgb,,0.2643618575515076,,logloss,0.2598098671600481,"{""logloss"": 0.25980986716004817, ""auc"": 0.9489941698184882, ""accuracy"": 0.8880666049953746}"
phoneme,1,binary,4323,5,catboost,,0.2528072065232455,,logloss,0.2484383551377735,"{""logloss"": 0.24843835513777351, ""auc"": 0.9532759674302609, ""accuracy"": 0.8954671600370028}"
phoneme,1,binary,4323,5,mean,,,,logloss,0.2510120193390349,"{""logloss"": 0.25101201933903494, ""auc"": 0.9523799692800634, ""accuracy"": 0.9000925069380203}"
phoneme,1,binary,4323,5,ensemble,9.816111087799072,0.2486829341662463,"{""lgbm"": 0.3333333333333333, ""catboost"": 0.6666666666666666}",logloss,0.248037005827438,"{""logloss"": 0.248037005827438, ""auc"": 0.9533544188811998, ""accuracy"": 0.8982423681776133}"
phoneme,2,binary,4323,5,xgb_fixed,0.2947535514831543,,,logloss,0.2323894213519569,"{""logloss"": 0.2323894213519569, ""auc"": 0.9596057608139132, ""accuracy"": 0.9000925069380203}"
phoneme,2,binary,4323,5,lgbm,,0.2697908147310549,,logloss,0.234024125809152,"{""logloss"": 0.23402412580915205, ""auc"": 0.9591556972269476, ""accuracy"": 0.8973172987974098}"
phoneme,2,binary,4323,5,xgb,,0.2700694496367305,,logloss,0.2420189480822332,"{""logloss"": 0.24201894808223326, ""auc"": 0.9563644771830149, ""accuracy"": 0.8889916743755781}"
phoneme,2,binary,4323,5,catboost,,0.2583310414457734,,logloss,0.2242542589256554,"{""logloss"": 0.22425425892565543, ""auc"": 0.9631154309874973, ""accuracy"": 0.8936170212765957}"
phoneme,2,binary,4323,5,mean,,,,logloss,0.2310298904718322,"{""logloss"": 0.2310298904718322, ""auc"": 0.9606504038185212, ""accuracy"": 0.8973172987974098}"
phoneme,2,binary,4323,5,ensemble,9.594547986984251,0.2568339901482587,"{""lgbm"": 0.25, ""catboost"": 0.75}",logloss,0.2251496914971341,"{""logloss"": 0.22514969149713418, ""auc"": 0.9629585280856193, ""accuracy"": 0.8936170212765957}"
spambase,0,binary,3680,57,xgb_fixed,0.4955174922943115,,,logloss,0.1166924012245245,"{""logloss"": 0.11669240122452457, ""auc"": 0.9896965747405629, ""accuracy"": 0.9587404994571118}"
spambase,0,binary,3680,57,lgbm,,0.1259422518131716,,logloss,0.1112144856433455,"{""logloss"": 0.11121448564334557, ""auc"": 0.9899384855396586, ""accuracy"": 0.9598262757871878}"
spambase,0,binary,3680,57,xgb,,0.1267226160980804,,logloss,0.1143936772553743,"{""logloss"": 0.11439367725537433, ""auc"": 0.9899138007642406, ""accuracy"": 0.9598262757871878}"
spambase,0,binary,3680,57,catboost,,0.1213696154294544,,logloss,0.1132530765081742,"{""logloss"": 0.11325307650817426, ""auc"": 0.990442054958184, ""accuracy"": 0.9598262757871878}"
spambase,0,binary,3680,57,mean,,,,logloss,0.1113044955598877,"{""logloss"": 0.11130449555988772, ""auc"": 0.9902495137099242, ""accuracy"": 0.9619978284473398}"
spambase,0,binary,3680,57,ensemble,20.075807571411133,0.1199749400531879,"{""lgbm"": 0.25, ""catboost"": 0.75}",logloss,0.111125631456863,"{""logloss"": 0.11112563145686308, ""auc"": 0.9904223071378497, ""accuracy"": 0.9598262757871878}"
spambase,1,binary,3680,57,xgb_fixed,0.568122386932373,,,logloss,0.1362854538394091,"{""logloss"": 0.13628545383940913, ""auc"": 0.9873663319411119, ""accuracy"": 0.9500542888165038}"
spambase,1,binary,3680,57,lgbm,,0.1267753524518343,,logloss,0.131357870334576,"{""logloss"": 0.13135787033457608, ""auc"": 0.9872280971987717, ""accuracy"": 0.9554831704668838}"
spambase,1,binary,3680,57,xgb,,0.1278472059428255,,logloss,0.132266479532499,"{""logloss"": 0.13226647953249906, ""auc"": 0.9874107645368643, ""accuracy"": 0.9533116178067318}"
spambase,1,binary,3680,57,catboost,,0.1245315700675958,,logloss,0.1293982131419806,"{""logloss"": 0.12939821314198066, ""auc"": 0.9878550904943867, ""accuracy"": 0.9609120521172638}"
spambase,1,binary,3680,57,mean,,,,logloss,0.1292987889782405,"{""logloss"": 0.1292987889782405, ""auc"": 0.9877069818418792, ""accuracy"": 0.9565689467969598}"
spambase,1,binary,3680,57,ensemble,17.997336864471436,0.1225460282702104,"{""lgbm"": 0.3333333333333333, ""catboost"": 0.6666666666666666}",logloss,0.1281736527132656,"{""logloss"": 0.1281736527132656, ""auc"": 0.9879686404613091, ""accuracy"": 0.9598262757871878}"
spambase,2,binary,3680,57,xgb_fixed,0.5778026580810547,,,logloss,0.1270383644096253,"{""logloss"": 0.12703836440962532, ""auc"": 0.989247311827957, ""accuracy"": 0.9500542888165038}"
spambase,2,binary,3680,57,lgbm,,0.1264340824395642,,logloss,0.1195936369174153,"{""logloss"": 0.11959363691741537, ""auc"": 0.9904025593175153, ""accuracy"": 0.9489685124864278}"
spambase,2,binary,3680,57,xgb,,0.1294035709131602,,logloss,0.1225141566808922,"{""logloss"": 0.12251415668089224, ""auc"": 0.9900372246413303, ""accuracy"": 0.9478827361563518}"
spambase,2,binary,3680,57,catboost,,0.123491835482331,,logloss,0.1155220527715322,"{""logloss"": 0.11552205277153223, ""auc"": 0.9906543440267781, ""accuracy"": 0.9598262757871878}"
spambase,2,binary,3680,57,mean,,,,logloss,0.1172564901681596,"{""logloss"": 0.11725649016815966, ""auc"": 0.9908073896343692, ""accuracy"": 0.9554831704668838}"
spambase,2,binary,3680,57,ensemble,17.888749361038208,0.121404007713632,"{""lgbm"": 0.3333333333333333, ""catboost"": 0.6666666666666666}",logloss,0.1150873182641106,"{""logloss"": 0.11508731826411067, ""auc"": 0.9910394265232976, ""accuracy"": 0.9576547231270358}"
magic,0,binary,15216,10,xgb_fixed,0.5525481700897217,,,logloss,0.2641035200745317,"{""logloss"": 0.2641035200745317, ""auc"": 0.947418221140849, ""accuracy"": 0.8935331230283912}"
magic,0,binary,15216,10,lgbm,,0.2909716615607413,,logloss,0.2626300573291295,"{""logloss"": 0.26263005732912953, ""auc"": 0.9471169641049515, ""accuracy"": 0.8958990536277602}"
magic,0,binary,15216,10,xgb,,0.2927874202616133,,logloss,0.2603754482669832,"{""logloss"": 0.2603754482669832, ""auc"": 0.9479576955109672, ""accuracy"": 0.8966876971608833}"
magic,0,binary,15216,10,catboost,,0.2871054296403332,,logloss,0.253977656944047,"{""logloss"": 0.253977656944047, ""auc"": 0.9506981040809721, ""accuracy"": 0.900105152471083}"
magic,0,binary,15216,10,mean,,,,logloss,0.2575708217772101,"{""logloss"": 0.25757082177721013, ""auc"": 0.9491936373544175, ""accuracy"": 0.897739221871714}"
magic,0,binary,15216,10,ensemble,21.95833897590637,0.2852066462360185,"{""lgbm"": 0.3333333333333333, ""catboost"": 0.6666666666666666}",logloss,0.25566823757724,"{""logloss"": 0.25566823757724005, ""auc"": 0.9499725413607119, ""accuracy"": 0.8980021030494216}"
magic,1,binary,15216,10,xgb_fixed,0.5642311573028564,,,logloss,0.2805650425102544,"{""logloss"": 0.2805650425102544, ""auc"": 0.940689642213324, ""accuracy"": 0.8882754994742377}"
magic,1,binary,15216,10,lgbm,,0.2879166197865854,,logloss,0.2745049788998976,"{""logloss"": 0.2745049788998976, ""auc"": 0.9433357943063025, ""accuracy"": 0.8906414300736067}"
magic,1,binary,15216,10,xgb,,0.2884763280829603,,logloss,0.2749434471763202,"{""logloss"": 0.27494344717632024, ""auc"": 0.9432063810725722, ""accuracy"": 0.8903785488958991}"
magic,1,binary,15216,10,catboost,,0.2841521219914544,,logloss,0.2688274549010017,"{""logloss"": 0.2688274549010017, ""auc"": 0.9459231497544482, ""accuracy"": 0.8956361724500526}"
magic,1,binary,15216,10,mean,,,,logloss,0.2711874264249739,"{""logloss"": 0.2711874264249739, ""auc"": 0.9448417764103012, ""accuracy"": 0.8927444794952681}"
magic,1,binary,15216,10,ensemble,20.493260622024536,0.2825228065016584,"{""lgbm"": 0.3333333333333333, ""catboost"": 0.6666666666666666}",logloss,0.2693392170905107,"{""logloss"": 0.2693392170905107, ""auc"": 0.9456646263624758, ""accuracy"": 0.8948475289169295}"
magic,2,binary,15216,10,xgb_fixed,0.3122773170471191,,,logloss,0.2989987218741483,"{""logloss"": 0.29899872187414833, ""auc"": 0.9331833715814599, ""accuracy"": 0.8772344900105152}"
magic,2,binary,15216,10,lgbm,,0.2839218710808693,,logloss,0.2858267960121385,"{""logloss"": 0.28582679601213856, ""auc"": 0.9395888720378918, ""accuracy"": 0.8824921135646687}"
magic,2,binary,15216,10,xgb,,0.2856806770716638,,logloss,0.2865841685872168,"{""logloss"": 0.2865841685872168, ""auc"": 0.9391706278633056, ""accuracy"": 0.8801261829652997}"
magic,2,binary,15216,10,catboost,,0.2787361633901505,,logloss,0.2828963680843692,"{""logloss"": 0.2828963680843692, ""auc"": 0.9398822491110794, ""accuracy"": 0.8856466876971609}"
magic,2,binary,15216,10,mean,,,,logloss,0.2836228147233622,"{""logloss"": 0.28362281472336226, ""auc"": 0.9402423027918102, ""accuracy"": 0.8843322818086226}"
magic,2,binary,15216,10,ensemble,27.056763172149655,0.2773653358513895,"{""lgbm"": 0.3333333333333333, ""catboost"": 0.6666666666666666}",logloss,0.2824988691994061,"{""logloss"": 0.28249886919940614, ""auc"": 0.9404614263702346, ""accuracy"": 0.8851209253417456}"
twonorm,0,binary,5920,20,xgb_fixed,0.5484111309051514,,,logloss,0.0729321177406876,"{""logloss"": 0.07293211774068765, ""auc"": 0.996919278523153, ""accuracy"": 0.970945945945946}"
twonorm,0,binary,5920,20,lgbm,,0.0692058793355128,,logloss,0.0659268114127,"{""logloss"": 0.06592681141270008, ""auc"": 0.9975054738960444, ""accuracy"": 0.9756756756756757}"
twonorm,0,binary,5920,20,xgb,,0.072897273583222,,logloss,0.0708548009831358,"{""logloss"": 0.07085480098313582, ""auc"": 0.9972333769784094, ""accuracy"": 0.972972972972973}"
twonorm,0,binary,5920,20,catboost,,0.0676008562026099,,logloss,0.0660982520074113,"{""logloss"": 0.06609825200741132, ""auc"": 0.9976479138931956, ""accuracy"": 0.9716216216216216}"
twonorm,0,binary,5920,20,mean,,,,logloss,0.066869704765662,"{""logloss"": 0.06686970476566205, ""auc"": 0.997571215433191, ""accuracy"": 0.9743243243243244}"
twonorm,0,binary,5920,20,ensemble,15.573094367980955,0.0668327023569111,"{""lgbm"": 0.3333333333333333, ""catboost"": 0.6666666666666666}",logloss,0.0654329623153043,"{""logloss"": 0.0654329623153043, ""auc"": 0.9976789585079593, ""accuracy"": 0.9736486486486486}"
twonorm,1,binary,5920,20,xgb_fixed,0.5255372524261475,,,logloss,0.0758710302537803,"{""logloss"": 0.07587103025378034, ""auc"": 0.9965905708374194, ""accuracy"": 0.970945945945946}"
twonorm,1,binary,5920,20,lgbm,,0.0720792434684041,,logloss,0.068392681614759,"{""logloss"": 0.068392681614759, ""auc"": 0.9971420692879278, ""accuracy"": 0.972972972972973}"
twonorm,1,binary,5920,20,xgb,,0.0743507355990115,,logloss,0.0724087030331053,"{""logloss"": 0.07240870303310533, ""auc"": 0.9969174523693433, ""accuracy"": 0.9722972972972973}"
twonorm,1,binary,5920,20,catboost,,0.068168741161054,,logloss,0.0664762088911058,"{""logloss"": 0.06647620889110584, ""auc"": 0.9973502508222257, ""accuracy"": 0.9736486486486486}"
twonorm,1,binary,5920,20,mean,,,,logloss,0.0683682013462651,"{""logloss"": 0.06836820134626516, ""auc"": 0.9972333769784094, ""accuracy"": 0.9716216216216216}"
twonorm,1,binary,5920,20,ensemble,14.709085941314695,0.068168741161054,"{""catboost"": 1.0}",logloss,0.0664762088911058,"{""logloss"": 0.06647620889110584, ""auc"": 0.9973502508222257, ""accuracy"": 0.9736486486486486}"
twonorm,2,binary,5920,20,xgb_fixed,0.5880568027496338,,,logloss,0.0717017222892843,"{""logloss"": 0.07170172228928434, ""auc"": 0.9969484969841069, ""accuracy"": 0.9722972972972973}"
twonorm,2,binary,5920,20,lgbm,,0.0716006245921163,,logloss,0.0663467644702312,"{""logloss"": 0.06634676447023126, ""auc"": 0.9973758169755605, ""accuracy"": 0.975}"
twonorm,2,binary,5920,20,xgb,,0.0753484387604758,,logloss,0.0684133813854749,"{""logloss"": 0.06841338138547494, ""auc"": 0.9972625954393635, ""accuracy"": 0.9743243243243244}"
twonorm,2,binary,5920,20,catboost,,0.0690964338759911,,logloss,0.0650916404750721,"{""logloss"": 0.06509164047507215, ""auc"": 0.99757669389462, ""accuracy"": 0.9743243243243244}"
twonorm,2,binary,5920,20,mean,,,,logloss,0.0659543106820487,"{""logloss"": 0.06595431068204875, ""auc"": 0.9974707769736614, ""accuracy"": 0.975}"
twonorm,2,binary,5920,20,ensemble,17.521833419799805,0.0687477739373525,"{""lgbm"": 0.25, ""catboost"": 0.75}",logloss,0.0649813983658767,"{""logloss"": 0.06498139836587678, ""auc"": 0.9975931292789066, ""accuracy"": 0.9756756756756757}"
ring,0,binary,5920,20,xgb_fixed,0.8016934394836426,,,logloss,0.0753080770003674,"{""logloss"": 0.07530807700036742, ""auc"": 0.9965610509340683, ""accuracy"": 0.970945945945946}"
ring,0,binary,5920,20,lgbm,,0.0801284400495265,,logloss,0.0622419529343216,"{""logloss"": 0.06224195293432168, ""auc"": 0.9976367498187384, ""accuracy"": 0.9783783783783784}"
ring,0,binary,5920,20,xgb,,0.0877184533895844,,logloss,0.072109402781436,"{""logloss"": 0.07210940278143606, ""auc"": 0.9969208347715556, ""accuracy"": 0.972972972972973}"
ring,0,binary,5920,20,catboost,,0.083015862036709,,logloss,0.0662351496152379,"{""logloss"": 0.06623514961523791, ""auc"": 0.9973774132455241, ""accuracy"": 0.9743243243243244}"
ring,0,binary,5920,20,mean,,,,logloss,0.0654598468298857,"{""logloss"": 0.06545984682988579, ""auc"": 0.9974322026624004, ""accuracy"": 0.9736486486486486}"
ring,0,binary,5920,20,ensemble,18.453161001205444,0.0785218660893778,"{""lgbm"": 0.6666666666666666, ""catboost"": 0.3333333333333333}",logloss,0.0622877502079055,"{""logloss"": 0.06228775020790557, ""auc"": 0.9976367498187384, ""accuracy"": 0.977027027027027}"
ring,1,binary,5920,20,xgb_fixed,0.6358203887939453,,,logloss,0.0810344441999317,"{""logloss"": 0.08103444419993173, ""auc"": 0.9959200147566163, ""accuracy"": 0.9662162162162162}"
ring,1,binary,5920,20,lgbm,,0.0750847884102035,,logloss,0.068042021185928,"{""logloss"": 0.06804202118592809, ""auc"": 0.9969354452827225, ""accuracy"": 0.9736486486486486}"
ring,1,binary,5920,20,xgb,,0.084593106979103,,logloss,0.0743044221038668,"{""logloss"": 0.07430442210386685, ""auc"": 0.9964569510420034, ""accuracy"": 0.972972972972973}"
ring,1,binary,5920,20,catboost,,0.0803779161691901,,logloss,0.0729532741141153,"{""logloss"": 0.07295327411411535, ""auc"": 0.9964551247281075, ""accuracy"": 0.975}"
ring,1,binary,5920,20,mean,,,,logloss,0.0705821763165914,"{""logloss"": 0.07058217631659146, ""auc"": 0.9967035034179464, ""accuracy"": 0.9743243243243244}"
ring,1,binary,5920,20,ensemble,17.78979992866516,0.0750847884102035,"{""lgbm"": 1.0}",logloss,0.068042021185928,"{""logloss"": 0.06804202118592809, ""auc"": 0.9969354452827225, ""accuracy"": 0.9736486486486486}"
ring,2,binary,5920,20,xgb_fixed,0.6085953712463379,,,logloss,0.0964496693534924,"{""logloss"": 0.09644966935349245, ""auc"": 0.9939695115158224, ""accuracy"": 0.9614864864864865}"
ring,2,binary,5920,20,lgbm,,0.0716414701266086,,logloss,0.0899057632442816,"{""logloss"": 0.08990576324428164, ""auc"": 0.9950926945617851, ""accuracy"": 0.9689189189189189}"
ring,2,binary,5920,20,xgb,,0.0796006469035402,,logloss,0.0984285911581646,"{""logloss"": 0.09842859115816464, ""auc"": 0.9939329852379049, ""accuracy"": 0.9641891891891892}"
ring,2,binary,5920,20,catboost,,0.0770704422471622,,logloss,0.0943092354594389,"{""logloss"": 0.09430923545943895, ""auc"": 0.9945393214513351, ""accuracy"": 0.9648648648648649}"
ring,2,binary,5920,20,mean,,,,logloss,0.0924730992118755,"{""logloss"": 0.09247309921187556, ""auc"": 0.9946196792627535, ""accuracy"": 0.9689189189189189}"
ring,2,binary,5920,20,ensemble,20.16161179542541,0.0716414701266086,"{""lgbm"": 1.0}",logloss,0.0899057632442816,"{""logloss"": 0.08990576324428164, ""auc"": 0.9950926945617851, ""accuracy"": 0.9689189189189189}"
satimage,0,multiclass,5148,36,xgb_fixed,1.632979154586792,,,logloss,0.2475941818948956,"{""logloss"": 0.24759418189489568, ""accuracy"": 0.9176379176379177}"
satimage,0,multiclass,5148,36,lgbm,,0.2219193614717016,,logloss,0.2332179303752615,"{""logloss"": 0.2332179303752615, ""accuracy"": 0.9184149184149184}"
satimage,0,multiclass,5148,36,xgb,,0.222879826411955,,logloss,0.2378208268375594,"{""logloss"": 0.2378208268375594, ""accuracy"": 0.9176379176379177}"
satimage,0,multiclass,5148,36,catboost,,0.2116411057722649,,logloss,0.2307673540508941,"{""logloss"": 0.23076735405089413, ""accuracy"": 0.9207459207459208}"
satimage,0,multiclass,5148,36,mean,,,,logloss,0.2288425821949332,"{""logloss"": 0.22884258219493325, ""accuracy"": 0.9191919191919192}"
satimage,0,multiclass,5148,36,ensemble,51.87161374092102,0.2100944743472616,"{""lgbm"": 0.25, ""catboost"": 0.75}",logloss,0.2277686880131172,"{""logloss"": 0.2277686880131172, ""accuracy"": 0.9184149184149184}"
satimage,1,multiclass,5148,36,xgb_fixed,1.3230133056640625,,,logloss,0.2202722057828454,"{""logloss"": 0.22027220578284545, ""accuracy"": 0.9246309246309247}"
satimage,1,multiclass,5148,36,lgbm,,0.2253920870246012,,logloss,0.2044916692747244,"{""logloss"": 0.20449166927472445, ""accuracy"": 0.9308469308469308}"
satimage,1,multiclass,5148,36,xgb,,0.226798201225203,,logloss,0.2072695865170776,"{""logloss"": 0.2072695865170776, ""accuracy"": 0.9261849261849262}"
satimage,1,multiclass,5148,36,catboost,,0.2198356731307982,,logloss,0.2015208893096891,"{""logloss"": 0.2015208893096891, ""accuracy"": 0.9230769230769231}"
satimage,1,multiclass,5148,36,mean,,,,logloss,0.201558237619339,"{""logloss"": 0.20155823761933908, ""accuracy"": 0.9269619269619269}"
satimage,1,multiclass,5148,36,ensemble,54.374775648117065,0.215985176755722,"{""lgbm"": 0.3333333333333333, ""catboost"": 0.6666666666666666}",logloss,0.2001031960668073,"{""logloss"": 0.2001031960668073, ""accuracy"": 0.9261849261849262}"
satimage,2,multiclass,5148,36,xgb_fixed,550.9306602478027,,,logloss,0.2254584605777646,"{""logloss"": 0.22545846057776467, ""accuracy"": 0.916083916083916}"
satimage,2,multiclass,5148,36,lgbm,,0.2267956101424119,,logloss,0.2107803980221545,"{""logloss"": 0.2107803980221545, ""accuracy"": 0.9222999222999223}"
satimage,2,multiclass,5148,36,xgb,,0.2305214896686431,,logloss,0.2116352207542344,"{""logloss"": 0.21163522075423444, ""accuracy"": 0.9207459207459208}"
satimage,2,multiclass,5148,36,catboost,,0.2231485867456991,,logloss,0.2107487830267073,"{""logloss"": 0.2107487830267073, ""accuracy"": 0.9176379176379177}"
satimage,2,multiclass,5148,36,mean,,,,logloss,0.2071316505734929,"{""logloss"": 0.2071316505734929, ""accuracy"": 0.9222999222999223}"
satimage,2,multiclass,5148,36,ensemble,532.9127304553986,0.2188794017972361,"{""lgbm"": 0.5, ""catboost"": 0.5}",logloss,0.206609781985651,"{""logloss"": 0.206609781985651, ""accuracy"": 0.9215229215229215}"
