dataset_id,dataset_name,dataset_source,suite,task,framework,seed,time_budget_s,n_train,n_test,n_features_before,n_features_after,n_added,score_holdout,scorer_name,scorer_greater_is_better,score_nofe_same_seed,pct_improvement,wall_time_fit,wall_time_transform,wall_time_total,peak_rss_mb,n_boost_rounds,status,error_msg,adapter_version,internal_log_json
361618,forest_fires,openml_task,smoke_test,regression,nofe,1,1200,413,104,12,12,0,76.5361279964511,rmse,False,76.5361279964511,-0.0,0.0024292469024658203,6.771087646484375e-05,6.517640113830566,336.21484375,2,ok,,1.0.0,{}
breast_cancer,breast-cancer,pmlb,smoke_test,classification,nofe,2,1200,228,58,9,9,0,0.7101865136298422,binary_roc_auc,True,0.7101865136298422,0.0,0.0015316009521484375,3.4809112548828125e-05,5.925079822540283,317.08203125,48,ok,,1.0.0,{}
breast_cancer,breast-cancer,pmlb,smoke_test,classification,nofe,3,1200,228,58,9,9,0,0.7094691535150646,binary_roc_auc,True,0.7094691535150646,0.0,0.001722097396850586,3.695487976074219e-05,6.61825704574585,318.35546875,15,ok,,1.0.0,{}
361618,forest_fires,openml_task,smoke_test,regression,nofe,3,1200,413,104,12,12,0,78.06841423527099,rmse,False,78.06841423527099,-0.0,0.002263307571411133,6.937980651855469e-05,6.744488477706909,340.5390625,405,ok,,1.0.0,{}
361618,forest_fires,openml_task,smoke_test,regression,nofe,0,1200,413,104,12,12,0,110.71788633302435,rmse,False,110.71788633302435,-0.0,0.001519918441772461,7.176399230957031e-05,6.486497163772583,330.33984375,2000,ok,,1.0.0,{}
breast_cancer,breast-cancer,pmlb,smoke_test,classification,featuretools,0,1200,228,58,9,370,361,0.7144906743185079,binary_roc_auc,True,,,0.7533829212188721,0.555194616317749,6.091658353805542,346.6484375,6,ok,,upstream-1.x,{}
361618,forest_fires,openml_task,smoke_test,regression,nofe,4,1200,413,104,12,12,0,74.99468974133806,rmse,False,74.99468974133806,-0.0,0.0019350051879882812,0.00010204315185546875,6.133467435836792,333.953125,56,ok,,1.0.0,{}
361618,forest_fires,openml_task,smoke_test,regression,featuretools,1,1200,413,104,12,415,403,77.39471487074366,rmse,False,76.5361279964511,-0.01121805997727462,0.8858718872070312,0.8988406658172607,6.6515467166900635,367.41015625,37,ok,,upstream-1.x,{}
breast_cancer,breast-cancer,pmlb,smoke_test,classification,featuretools,4,1200,228,58,9,369,360,0.7152080344332854,binary_roc_auc,True,,,0.747222900390625,0.5400664806365967,6.148845434188843,344.390625,57,ok,,upstream-1.x,{}
361618,forest_fires,openml_task,smoke_test,regression,nofe,2,1200,413,104,12,12,0,39.45767966579137,rmse,False,39.45767966579137,-0.0,0.0017964839935302734,9.894371032714844e-05,6.810968399047852,336.69921875,13,ok,,1.0.0,{}
361618,forest_fires,openml_task,smoke_test,regression,featuretools,4,1200,413,104,12,417,405,73.89271284349579,rmse,False,74.99468974133806,0.014694065695092186,0.9191088676452637,0.7816119194030762,6.633989572525024,366.65234375,2000,ok,,upstream-1.x,{}
361618,forest_fires,openml_task,smoke_test,regression,featuretools,2,1200,413,104,12,416,404,34.519687940143484,rmse,False,39.45767966579137,0.12514653085211636,0.8610830307006836,0.8149473667144775,7.131310701370239,366.48046875,6,ok,,upstream-1.x,{}
23,cmc,openml_task,smoke_test,multiclass,nofe,2,1200,1178,295,9,9,0,0.9421315007038036,categorical_crossentropy,False,0.9421315007038036,-0.0,0.0034189224243164062,0.0002090930938720703,7.081002712249756,335.671875,41,ok,,1.0.0,{}
breast_cancer,breast-cancer,pmlb,smoke_test,classification,nofe,4,1200,228,58,9,9,0,0.7166427546628407,binary_roc_auc,True,0.7166427546628407,0.0,0.0016870498657226562,7.176399230957031e-05,6.936665773391724,316.15625,10,ok,,1.0.0,{}
breast_cancer,breast-cancer,pmlb,smoke_test,classification,featuretools,3,1200,228,58,9,369,360,0.6700143472022955,binary_roc_auc,True,0.7094691535150646,-0.05561172901921145,0.7764158248901367,0.5520403385162354,7.721111536026001,347.8984375,19,ok,,upstream-1.x,{}
breast_cancer,breast-cancer,pmlb,smoke_test,classification,nofe,0,1200,228,58,9,9,0,0.659971305595409,binary_roc_auc,True,0.659971305595409,0.0,0.0036971569061279297,5.125999450683594e-05,7.262549877166748,321.5625,11,ok,,1.0.0,{}
breast_cancer,breast-cancer,pmlb,smoke_test,classification,nofe,1,1200,228,58,9,9,0,0.7101865136298422,binary_roc_auc,True,0.7101865136298422,0.0,0.004090070724487305,5.841255187988281e-05,7.348156213760376,317.73046875,64,ok,,1.0.0,{}
361618,forest_fires,openml_task,smoke_test,regression,featuretools,0,1200,413,104,12,414,402,110.39307961617972,rmse,False,110.71788633302435,0.002933642680530042,0.8412208557128906,0.8448624610900879,7.787792205810547,362.68359375,1,ok,,upstream-1.x,{}
23,cmc,openml_task,smoke_test,multiclass,nofe,1,1200,1178,295,9,9,0,0.9272280438471648,categorical_crossentropy,False,0.9272280438471648,-0.0,0.0029256343841552734,0.00019121170043945312,7.465186595916748,337.11328125,25,ok,,1.0.0,{}
23,cmc,openml_task,smoke_test,multiclass,nofe,0,1200,1178,295,9,9,0,0.8782893031582995,categorical_crossentropy,False,0.8782893031582995,-0.0,0.0032994747161865234,0.0002357959747314453,7.739048957824707,336.41015625,39,ok,,1.0.0,{}
breast_cancer,breast-cancer,pmlb,smoke_test,classification,featuretools,2,1200,228,58,9,370,361,0.7173601147776184,binary_roc_auc,True,0.7101865136298422,0.010101010101010137,0.9313671588897705,0.6990482807159424,8.76751184463501,345.66015625,49,ok,,upstream-1.x,{}
23,cmc,openml_task,smoke_test,multiclass,featuretools,2,1200,1178,295,9,333,324,0.958269373744221,categorical_crossentropy,False,0.9421315007038036,-0.017129108864698765,0.935776948928833,0.7017209529876709,8.768209457397461,373.82421875,29,ok,,upstream-1.x,{}
23,cmc,openml_task,smoke_test,multiclass,featuretools,1,1200,1178,295,9,333,324,0.898899501259044,categorical_crossentropy,False,0.9272280438471648,0.030551861298955908,0.9790387153625488,0.8349039554595947,9.050753831863403,372.97265625,28,ok,,upstream-1.x,{}
23,cmc,openml_task,smoke_test,multiclass,featuretools,0,1200,1178,295,9,333,324,0.9083928796699492,categorical_crossentropy,False,0.8782893031582995,-0.0342752398365758,0.9465575218200684,0.7416188716888428,9.409387826919556,375.7890625,27,ok,,upstream-1.x,{}
breast_cancer,breast-cancer,pmlb,smoke_test,classification,featuretools,1,1200,228,58,9,370,361,0.7690100430416069,binary_roc_auc,True,0.7101865136298422,0.08282828282828285,1.21063232421875,0.7465124130249023,9.941056966781616,341.78515625,28,ok,,upstream-1.x,{}
23,cmc,openml_task,smoke_test,multiclass,nofe,3,1200,1178,295,9,9,0,0.906591512843714,categorical_crossentropy,False,0.906591512843714,-0.0,0.0022466182708740234,0.00014090538024902344,2.143364906311035,336.31640625,53,ok,,1.0.0,{}
23,cmc,openml_task,smoke_test,multiclass,nofe,4,1200,1178,295,9,9,0,0.9537930679775901,categorical_crossentropy,False,0.9537930679775901,-0.0,0.002471446990966797,0.0001628398895263672,2.336300849914551,339.00390625,53,ok,,1.0.0,{}
361618,forest_fires,openml_task,smoke_test,regression,featuretools,3,1200,413,104,12,418,406,78.35132430176765,rmse,False,78.06841423527099,-0.0036238736148022973,0.839308500289917,0.7707948684692383,11.556268453598022,364.671875,194,ok,,upstream-1.x,{}
361618,forest_fires,openml_task,smoke_test,regression,openfe,0,1200,413,104,12,71,59,110.77148432200192,rmse,False,110.71788633302435,-0.0004840951245795667,9.2231924533844,0.733281135559082,13.631592035293579,344.3828125,2000,ok,,upstream-0.0.12,{}
23,cmc,openml_task,smoke_test,multiclass,featuretools,3,1200,1178,295,9,333,324,0.8915514890420235,categorical_crossentropy,False,0.906591512843714,0.016589636665044732,1.0559821128845215,0.7938170433044434,5.091694593429565,373.453125,42,ok,,upstream-1.x,{}
361618,forest_fires,openml_task,smoke_test,regression,openfe,3,1200,413,104,12,223,211,75.95794535978634,rmse,False,78.06841423527099,0.027033581969840435,10.302219152450562,1.9196066856384277,14.991280317306519,346.05859375,2000,ok,,upstream-0.0.12,{}
breast_cancer,breast-cancer,pmlb,smoke_test,classification,openfe,0,1200,228,58,9,194,185,0.5832137733142038,binary_roc_auc,True,0.659971305595409,-0.11630434782608698,9.466964721679688,1.3980884552001953,14.58729076385498,334.4375,2000,ok,,upstream-0.0.12,{}
breast_cancer,breast-cancer,pmlb,smoke_test,classification,openfe,4,1200,228,58,9,213,204,0.6757532281205164,binary_roc_auc,True,0.7166427546628407,-0.05705705705705707,10.408029079437256,1.5289196968078613,14.774935245513916,334.8984375,20,ok,,upstream-0.0.12,{}
361618,forest_fires,openml_task,smoke_test,regression,openfe,2,1200,413,104,12,47,35,35.13760658777095,rmse,False,39.45767966579137,0.10948624233892283,11.976043224334717,0.4169774055480957,14.954612731933594,343.1953125,2000,ok,,upstream-0.0.12,{}
23,cmc,openml_task,smoke_test,multiclass,featuretools,4,1200,1178,295,9,333,324,0.9635914731833894,categorical_crossentropy,False,0.9537930679775901,-0.01027309333100495,1.136336088180542,0.832880973815918,5.867394685745239,369.8203125,30,ok,,upstream-1.x,{}
361618,forest_fires,openml_task,smoke_test,regression,openfe,1,1200,413,104,12,248,236,75.7595138649496,rmse,False,76.5361279964511,0.010147026663506078,10.60163140296936,2.016733169555664,16.34373426437378,348.72265625,16,ok,,upstream-0.0.12,{}
breast_cancer,breast-cancer,pmlb,smoke_test,classification,openfe,3,1200,228,58,9,231,222,0.7109038737446198,binary_roc_auc,True,0.7094691535150646,0.002022244691607723,11.818402767181396,1.5312397480010986,15.931337118148804,333.75390625,6,ok,,upstream-0.0.12,{}
361618,forest_fires,openml_task,smoke_test,regression,openfe,4,1200,413,104,12,252,240,73.79489239933679,rmse,False,74.99468974133806,0.01599843063741527,11.297297954559326,2.201835870742798,16.457143545150757,349.46875,2000,ok,,upstream-0.0.12,{}
breast_cancer,breast-cancer,pmlb,smoke_test,classification,openfe,1,1200,228,58,9,158,149,0.8292682926829269,binary_roc_auc,True,0.7101865136298422,0.16767676767676776,9.29006028175354,0.952232837677002,17.079519748687744,331.56640625,101,ok,,upstream-0.0.12,{}
23,cmc,openml_task,smoke_test,multiclass,openfe,2,1200,1178,295,9,121,112,0.982637662756241,categorical_crossentropy,False,0.9421315007038036,-0.04299417015796409,9.932021141052246,1.7627639770507812,17.45590615272522,351.296875,24,ok,,upstream-0.0.12,{}
23,cmc,openml_task,smoke_test,multiclass,openfe,0,1200,1178,295,9,118,109,0.9946143370563701,categorical_crossentropy,False,0.8782893031582995,-0.13244500813088547,9.910297632217407,1.7452731132507324,17.459802627563477,348.38671875,12,ok,,upstream-0.0.12,{}
breast_cancer,breast-cancer,pmlb,smoke_test,classification,tabularaml,0,1200,228,58,9,16,7,0.6915351506456241,binary_roc_auc,True,0.659971305595409,0.047826086956521636,15.74114179611206,0.01214289665222168,18.011345863342285,332.89453125,4,ok,,0.2.0,"{""mode"": ""medium"", ""elapsed_time"": 14.142491817474365, ""n_init_feats"": 9, ""n_added_feats"": 7, ""initial_metric"": null, ""final_metric"": 0.677008336491095, ""pct_gain"": 0.09710416946402589}"
23,cmc,openml_task,smoke_test,multiclass,openfe,1,1200,1178,295,9,125,116,0.981862125154269,categorical_crossentropy,False,0.9272280438471648,-0.0589219466232079,8.883336305618286,1.7134034633636475,17.553915977478027,347.12109375,14,ok,,upstream-0.0.12,{}
breast_cancer,breast-cancer,pmlb,smoke_test,classification,openfe,2,1200,228,58,9,207,198,0.7144906743185079,binary_roc_auc,True,0.7101865136298422,0.00606060606060602,13.411016941070557,1.1324737071990967,20.578288078308105,333.390625,26,ok,,upstream-0.0.12,{}
23,cmc,openml_task,smoke_test,multiclass,openfe,4,1200,1178,295,9,126,117,1.0153023231080023,categorical_crossentropy,False,0.9537930679775901,-0.06448909852200495,8.448454856872559,1.5812606811523438,12.894920587539673,353.2421875,51,ok,,upstream-0.0.12,{}
23,cmc,openml_task,smoke_test,multiclass,openfe,3,1200,1178,295,9,125,116,0.9452753584263689,categorical_crossentropy,False,0.906591512843714,-0.042669543046255684,9.128691911697388,1.5368731021881104,13.523974180221558,353.640625,34,ok,,upstream-0.0.12,{}
361618,forest_fires,openml_task,smoke_test,regression,autofeat,4,1200,413,104,12,12,0,74.0670647104015,rmse,False,74.99468974133806,0.012369209528514773,22.463642597198486,0.009187459945678711,24.82130527496338,536.65234375,15,ok,,upstream-2.1.x,{}
361618,forest_fires,openml_task,smoke_test,regression,autofeat,2,1200,413,104,12,14,2,36.006837626009535,rmse,False,39.45767966579137,0.08745679089623737,24.096933126449585,0.01379537582397461,27.346163272857666,531.03515625,4,ok,,upstream-2.1.x,{}
361618,forest_fires,openml_task,smoke_test,regression,autofeat,3,1200,413,104,12,12,0,76.92501631182452,rmse,False,78.06841423527099,0.014646101559084685,26.083935737609863,0.009634971618652344,29.27820086479187,542.3828125,190,ok,,upstream-2.1.x,{}
361618,forest_fires,openml_task,smoke_test,regression,autofeat,0,1200,413,104,12,12,0,110.77431925730166,rmse,False,110.71788633302435,-0.0005097001590832412,25.343037605285645,0.009442806243896484,29.292534828186035,530.10546875,2000,ok,,upstream-2.1.x,{}
361618,forest_fires,openml_task,smoke_test,regression,autofeat,1,1200,413,104,12,12,0,77.06638534190054,rmse,False,76.5361279964511,-0.0069281966481767885,28.53550386428833,0.009407281875610352,31.339558601379395,543.20703125,9,ok,,upstream-2.1.x,{}
breast_cancer,breast-cancer,pmlb,smoke_test,classification,tabularaml,1,1200,228,58,9,18,9,0.6642754662840746,binary_roc_auc,True,0.7101865136298422,-0.06464646464646463,27.20085620880127,0.012844324111938477,32.98445725440979,329.8046875,19,ok,,0.2.0,"{""mode"": ""medium"", ""elapsed_time"": 26.046729803085327, ""n_init_feats"": 9, ""n_added_feats"": 9, ""initial_metric"": null, ""final_metric"": 0.6465706707086017, ""pct_gain"": 0.23680776583839017}"
361618,forest_fires,openml_task,smoke_test,regression,tabularaml,3,1200,413,104,12,22,10,76.33363751552544,rmse,False,78.06841423527099,0.022221236805419684,36.78649878501892,0.02026200294494629,40.41941857337952,352.53515625,17,ok,,0.2.0,"{""mode"": ""medium"", ""elapsed_time"": 36.03596901893616, ""n_init_feats"": 12, ""n_added_feats"": 10, ""initial_metric"": null, ""final_metric"": 26.41131399178163, ""pct_gain"": 0.0693052912684568}"
breast_cancer,breast-cancer,pmlb,smoke_test,classification,autofeat,2,1200,228,58,9,12,3,0.7195121951219511,binary_roc_auc,True,0.7101865136298422,0.013131313131312912,42.84675598144531,0.012435197830200195,45.68061804771423,512.01171875,26,ok,,upstream-2.1.x,{}
breast_cancer,breast-cancer,pmlb,smoke_test,classification,autofeat,1,1200,228,58,9,10,1,0.7288378766140603,binary_roc_auc,True,0.7101865136298422,0.026262626262626293,41.33368730545044,0.009965658187866211,47.72657513618469,511.2890625,91,ok,,upstream-2.1.x,{}
breast_cancer,breast-cancer,pmlb,smoke_test,classification,autofeat,0,1200,228,58,9,12,3,0.7073170731707317,binary_roc_auc,True,0.659971305595409,0.07173913043478246,47.921393394470215,0.012305736541748047,50.93514108657837,514.75390625,22,ok,,upstream-2.1.x,{}
361618,forest_fires,openml_task,smoke_test,regression,tabularaml,4,1200,413,104,12,23,11,73.79068201177222,rmse,False,74.99468974133806,0.016054573113357118,47.928712606430054,0.02793288230895996,52.083375453948975,353.30859375,13,ok,,0.2.0,"{""mode"": ""medium"", ""elapsed_time"": 46.84225940704346, ""n_init_feats"": 12, ""n_added_feats"": 11, ""initial_metric"": null, ""final_metric"": 29.300726562065403, ""pct_gain"": 0.11124182007532199}"
breast_cancer,breast-cancer,pmlb,smoke_test,classification,autofeat,3,1200,228,58,9,12,3,0.7051649928263987,binary_roc_auc,True,0.7094691535150646,-0.006066734074823326,50.16390419006348,0.012638568878173828,55.22845792770386,514.828125,7,ok,,upstream-2.1.x,{}
breast_cancer,breast-cancer,pmlb,smoke_test,classification,autofeat,4,1200,228,58,9,9,0,0.7166427546628407,binary_roc_auc,True,0.7166427546628407,0.0,54.1290647983551,0.007009744644165039,58.9374566078186,509.55859375,10,ok,,upstream-2.1.x,{}
breast_cancer,breast-cancer,pmlb,smoke_test,classification,tabularaml,2,1200,228,58,9,18,9,0.7360114777618364,binary_roc_auc,True,0.7101865136298422,0.03636363636363628,62.38433337211609,0.012067556381225586,69.88897466659546,332.36328125,21,ok,,0.2.0,"{""mode"": ""medium"", ""elapsed_time"": 62.273234128952026, ""n_init_feats"": 9, ""n_added_feats"": 9, ""initial_metric"": null, ""final_metric"": 0.6630541871921182, ""pct_gain"": 0.0947311330198503}"
breast_cancer,breast-cancer,pmlb,smoke_test,classification,tabularaml,3,1200,228,58,9,18,9,0.7073170731707317,binary_roc_auc,True,0.7094691535150646,-0.0030333670374115846,64.8914475440979,0.011903047561645508,70.53453350067139,331.0546875,13,ok,,0.2.0,"{""mode"": ""medium"", ""elapsed_time"": 64.78354668617249, ""n_init_feats"": 9, ""n_added_feats"": 9, ""initial_metric"": null, ""final_metric"": 0.7023304281924971, ""pct_gain"": 0.18105544571752885}"
361618,forest_fires,openml_task,smoke_test,regression,tabularaml,2,1200,413,104,12,24,12,35.09722204953275,rmse,False,39.45767966579137,0.11050973228005095,67.47577786445618,0.019048452377319336,71.65517568588257,351.5859375,1,ok,,0.2.0,"{""mode"": ""medium"", ""elapsed_time"": 66.88525485992432, ""n_init_feats"": 12, ""n_added_feats"": 12, ""initial_metric"": null, ""final_metric"": 62.72077538287751, ""pct_gain"": 0.04809307334446898}"
361618,forest_fires,openml_task,smoke_test,regression,tabularaml,1,1200,413,104,12,23,11,76.44284583900195,rmse,False,76.5361279964511,0.0012187990154594454,84.55065608024597,0.024109840393066406,87.00095629692078,354.3828125,3,ok,,0.2.0,"{""mode"": ""medium"", ""elapsed_time"": 83.73251748085022, ""n_init_feats"": 12, ""n_added_feats"": 11, ""initial_metric"": null, ""final_metric"": 52.73800827420289, ""pct_gain"": 0.04810335039249479}"
361618,forest_fires,openml_task,smoke_test,regression,tabularaml,0,1200,413,104,12,20,8,110.63723267227738,rmse,False,110.71788633302435,0.0007284609869120873,87.71465516090393,0.014539241790771484,90.58980393409729,348.625,2000,ok,,0.2.0,"{""mode"": ""medium"", ""elapsed_time"": 87.53438425064087, ""n_init_feats"": 12, ""n_added_feats"": 8, ""initial_metric"": null, ""final_metric"": 35.71789455506631, ""pct_gain"": 0.0606084042988418}"
breast_cancer,breast-cancer,pmlb,smoke_test,classification,tabularaml,4,1200,228,58,9,15,6,0.7101865136298421,binary_roc_auc,True,0.7166427546628407,-0.009009009009009028,102.2295434474945,0.018361568450927734,108.89155316352844,334.1640625,22,ok,,0.2.0,"{""mode"": ""medium"", ""elapsed_time"": 99.93100452423096, ""n_init_feats"": 9, ""n_added_feats"": 6, ""initial_metric"": null, ""final_metric"": 0.7179929266136162, ""pct_gain"": 0.115398575592621}"
23,cmc,openml_task,smoke_test,multiclass,tabularaml,2,1200,1178,295,9,13,4,0.9451007910199084,categorical_crossentropy,False,0.9421315007038036,-0.0031516728969222065,282.4158980846405,0.01634359359741211,284.62639260292053,360.5703125,41,ok,,0.2.0,"{""mode"": ""medium"", ""elapsed_time"": 281.6262114048004, ""n_init_feats"": 9, ""n_added_feats"": 4, ""initial_metric"": null, ""final_metric"": 1.0096292657638188, ""pct_gain"": 0.016734430828939908}"
23,cmc,openml_task,smoke_test,multiclass,autofeat,0,1200,1178,295,9,16,7,0.8876735656443289,categorical_crossentropy,False,0.8782893031582995,-0.010684705429388604,297.4288954734802,0.023037433624267578,304.47973680496216,541.51953125,33,ok,,upstream-2.1.x,{}
23,cmc,openml_task,smoke_test,multiclass,autofeat,2,1200,1178,295,9,20,11,0.945501207345623,categorical_crossentropy,False,0.9421315007038036,-0.0035766839759653253,314.46200251579285,0.025980234146118164,320.2302737236023,547.08203125,36,ok,,upstream-2.1.x,{}
23,cmc,openml_task,smoke_test,multiclass,autofeat,3,1200,1178,295,9,19,10,0.9128280982627707,categorical_crossentropy,False,0.906591512843714,-0.006879157074275204,315.30712699890137,0.026093006134033203,317.81031489372253,546.2890625,36,ok,,upstream-2.1.x,{}
23,cmc,openml_task,smoke_test,multiclass,autofeat,4,1200,1178,295,9,16,7,0.9349482496663676,categorical_crossentropy,False,0.9537930679775901,0.019757763967797364,337.65901231765747,0.020569801330566406,339.800044298172,540.828125,43,ok,,upstream-2.1.x,{}
23,cmc,openml_task,smoke_test,multiclass,autofeat,1,1200,1178,295,9,18,9,0.9081049358440658,categorical_crossentropy,False,0.9272280438471648,0.020623953438417664,347.0155944824219,0.023754358291625977,351.32301235198975,542.2734375,20,ok,,upstream-2.1.x,{}
23,cmc,openml_task,smoke_test,multiclass,tabularaml,1,1200,1178,295,9,10,1,0.9231304678371397,categorical_crossentropy,False,0.9272280438471648,0.0044191674714926365,350.65671730041504,0.011537790298461914,355.92549180984497,359.35546875,24,ok,,0.2.0,"{""mode"": ""medium"", ""elapsed_time"": 349.91954231262207, ""n_init_feats"": 9, ""n_added_feats"": 1, ""initial_metric"": null, ""final_metric"": 1.0333901209695007, ""pct_gain"": 0.019024155199856257}"
